,time,x,y,z,v_x,v_y,v_z
0,4.795576759419241e-10,0.0,0.0,0.0,3.611452811852655e-27,-5.557598699381655e-22,1.589252206165999e-08
1,5.2751344353611654e-09,2.1382117680737565e-50,4.235164736271502e-22,1.6291360510631347e-34,3.972598093038067e-26,-6.724694426251804e-20,1.7481774267825993e-07
2,5.3230902029553586e-08,0.0,0.0,0.0,4.0087126211564614e-25,-6.847517357508139e-18,1.7640699488442594e-06
3,5.327885779714777e-07,3.503246160812043e-46,5.421010862427522e-20,2.1061470868144204e-30,4.01232407396796e-24,-6.859860784219465e-16,1.7656592010504253e-05
4,5.32836533739072e-06,-1.0339757656912846e-25,4.336808689942018e-19,1.6850693272077924e-28,4.0126852192492227e-23,-6.861095738226238e-14,0.0001765818126270986
5,5.3284132931583133e-05,-1.0339757656912846e-25,-1.7399567580507866e-16,4.6566128730773926e-08,4.0127213337777703e-22,-6.861219239720352e-12,0.0017658340187879152
6,0.0005328418088735073,-5.212788822732611e-22,-1.827525112466585e-13,4.704110324382779e-06,-1.9564586242343003e-18,-6.857820982807851e-10,0.017658356075270925
7,0.004177917301037689,-1.5989711433379732e-20,-8.808558641642092e-11,0.0002892287448048457,-7.654389371041222e-18,-4.2160204636928086e-08,0.13845600854977652
8,0.007961615782747102,-5.806626954363258e-20,-6.095797075504434e-10,0.001050326041877093,-1.458652719210244e-17,-1.531036683406305e-07,0.263847609014503
9,0.009759069398117423,-1.7484747332750418e-19,-1.1226700727058496e-09,0.0015781149268146338,-3.5832799326663044e-17,-2.3003819890634504e-07,0.3234151348632923
10,0.010005921416469369,-9.17139606095466e-20,-1.2100362342971692e-09,0.0016589602455492373,-1.8331914420177245e-17,-2.41822882300117e-07,0.3315958433953701
11,0.010252773434821314,-9.629519703459498e-20,-1.3018221357339192e-09,0.0017418265342707536,-1.878539571194159e-17,-2.539183405139939e-07,0.33979852474452504
12,0.012721293618340769,-1.483746951960867e-19,-2.4888349514912767e-09,0.0026838574558484935,-2.3448508956234213e-17,-3.932507451200688e-07,0.4241365914492045
13,0.01959486366582323,-3.57363169427315e-19,-9.232782104123432e-09,0.0064637223258548595,-3.766229481471675e-17,-9.727666857475646e-07,0.681121882177826
14,0.021171908516046646,-4.195097658363066e-19,-1.1710459952808126e-08,0.007587618194511436,-4.1154640501570426e-17,-1.1484757921735098e-06,0.744248335476579
15,0.02274895336627006,-4.871723127625317e-19,-1.4611897097968066e-08,0.008811216801392838,-4.465569957668477e-17,-1.3389582228433012e-06,0.8075317552237952
16,0.03851940186850422,-1.4691766307598362e-18,-7.459986793714084e-08,0.026566976681246926,-7.993316877717894e-17,-4.057483173385621e-06,1.4451736074338042
17,0.05275859488001019,-2.8347863197201053e-18,-1.9713157652621235e-07,0.05125577468387126,-1.118797821038762e-16,-7.777956823196146e-06,2.022604360101801
18,0.0663282143350295,-4.5595916933571775e-18,-3.9860384595528763e-07,0.08243671990834667,-1.4233797696903176e-16,-1.244010045650561e-05,2.5731313132071563
19,0.08650948945502573,-7.889423379211089e-18,-8.99501566926204e-07,0.1426308583439835,-1.8765851182786206e-16,-2.1390579662732307e-05,3.3922913376201365
20,0.11298771753047725,-1.364591739818868e-17,-2.0319235932094606e-06,0.24668894427922983,-2.471582119046632e-16,-3.6794748638212776e-05,4.467734757195854
21,0.15481020568005827,-2.5949346046306983e-17,-5.293970755612591e-06,0.4690875196530708,-3.41222932922486e-16,-6.959972146912242e-05,6.167927884038866
22,0.20650563215680762,-4.6597212654409185e-17,-1.268045451371138e-05,0.8423134003742724,-4.576290657314073e-16,-0.0001245111483394663,8.271927496574584
23,0.2683842846637899,-7.923041296942473e-17,-2.8020955380521737e-05,1.4321741384506843,-5.971521596181549e-16,-0.00021115416874327355,10.793746742945725
24,0.3518009415889002,-1.3689793487713432e-16,-6.346295146292563e-05,2.474529032712978,-7.855424874562345e-16,-0.00036409917462869426,14.198801720874348
25,0.48549615227604814,-2.6214180601100495e-16,-0.00016770311295744342,4.738315261726635,-1.0881671063745548e-15,-0.0006960326228644165,19.668539667487295
26,0.6930601244932838,-5.36895914511761e-16,-0.0004903128972764082,9.704438569676292,-1.5595519399080404e-15,-0.0014240129385649349,28.18841260175029
27,0.982076345904473,-1.0828180290858452e-15,-0.0014012226439797755,19.571737066974336,-2.218771121972688e-15,-0.002870753280756913,40.103058343640505
28,0.9825102321356116,-1.0837810707562315e-15,-0.0014030883517782847,19.589141121176908,-2.2204096603818964e-15,-0.002873593591841259,40.120987292434265
29,0.9829065275108729,-1.0846613120038963e-15,-0.0014047939837686023,19.605044128334626,-2.2219401481102868e-15,-0.002876204038844425,40.13736302642009
30,0.9852165779906372,-1.0898044106041811e-15,-0.0014147660686723031,19.697873717590102,-2.230861634919898e-15,-0.002891441833150975,40.23282104284381
31,0.996072063047107,-1.1142490585558439e-15,-0.0014623108731072823,20.13705546407932,-2.2727881588524574e-15,-0.0029635326735222628,40.6814472832601
32,1.0655707645006864,-2.5618555986229023e-15,-0.0017941653780336447,23.06421379937792,-4.9591085283909136e-15,-0.003444022027462807,43.55540870636239
33,1.4334320535624425,-2.478116376807591e-15,-0.004459941192149883,41.89100169219302,-3.965021038196274e-15,-0.006534653461736752,58.81573318767209
34,1.6861602618006852,-3.60408401454526e-15,-0.0073553768991559375,58.08492587541024,-4.945939340997893e-15,-0.009193688015800994,69.34250831709181
35,1.7520651382836163,-3.938489985041197e-15,-0.008276619159982831,62.74555090204835,-5.202242034862248e-15,-0.009959117549019828,72.09273579153486
36,1.7798212635282835,-7.679432227958284e-15,-0.008686664645761533,64.76264791853863,-9.376542319296399e-15,-0.010290418101116593,73.25160343990798
37,1.8075773887729507,-4.2332793020471644e-15,-0.009110104669884206,66.81199258271444,-5.418635991582819e-15,-0.01062774459666152,74.41631082625875
38,1.8374145877096695,-4.396698388008125e-15,-0.009580494262338202,69.05111185666759,-5.535440899469969e-15,-0.010996897712087693,75.6731538701275
39,1.864438499374704,-4.547717979385579e-15,-0.01002035055495707,71.11148594123317,-5.6413057509832095e-15,-0.01133662171827518,76.81215947039932
40,1.953326517476955,-5.064651637566514e-15,-0.011562307216766722,78.10574685912262,-5.989923352407999e-15,-0.012489857521111095,80.56080585043948
41,2.3474679407897465,-7.73155939969955e-15,-0.02032063924621775,113.13913319713895,-7.546182576800383e-15,-0.01826794435899987,97.21903328677355
42,3.175561679811908,-1.536826507994804e-14,-0.05117634559963795,208.1834678246667,-1.0936791379246356e-14,-0.03399742090568025,132.35327016114596
43,4.159440266406951,-4.8229635840518896e-14,-0.11656251617602655,358.9752694789948,-2.516119443360456e-14,-0.059299112532099456,174.16604743953934
44,4.266988706869964,-5.0979051188559316e-14,-0.12600200642514087,377.9520738619312,-2.596993428107481e-14,-0.06252417247455934,178.73143303459474
45,4.293218018103931,-3.042123490205422e-14,-0.1283798559011099,382.65468393611616,-1.6186038567692774e-14,-0.06332562915692069,179.846611161513
46,4.310055013327423,-5.2104536653554426e-14,-0.12992209686847614,385.6887876234463,-2.6298167305478324e-14,-0.06384323332684401,180.56292364415592
47,4.326892008550915,-3.0969277932796836e-14,-0.13147680741976797,388.7349590129027,-1.6364151472448692e-14,-0.06436324022407026,181.2794299721192
48,4.342426789804318,-3.1224133938628697e-14,-0.13292238064294926,391.5562378456711,-1.6446825244678613e-14,-0.06484518698871093,181.94075902875812
49,4.357406870401917,-3.147110781135388e-14,-0.13432647284918672,394.286503638799,-1.65268585602315e-14,-0.06531191360754905,182.57875681360576
50,4.373576981301793,-3.1739048488519086e-14,-0.13585332056817434,397.2443803234143,-1.661352331216958e-14,-0.06581761625479199,183.26688505557036
51,4.389394736203269,-3.200250944376656e-14,-0.1373582064535164,400.14856796402927,-1.6698577858525582e-14,-0.06631421495678791,183.9394846008475
52,4.405212491104746,-3.226731868970315e-14,-0.13887432246271136,403.06340224204587,-1.6783966622632543e-14,-0.0668129507090914,184.61225173848493
53,4.419538663606,-3.250832511580335e-14,-0.14025720165950534,405.7125629725861,-1.6861652814869324e-14,-0.06726674934888341,185.2224252318988
54,4.433491853696795,-3.274412775652719e-14,-0.14161299990550055,408.30114588732783,-1.693753400625641e-14,-0.06771022247619655,185.81626159898886
55,4.448722039911513,-5.5825360488812816e-14,-0.14310296799480698,411.13609017928565,-2.737139228399521e-14,-0.06819585539564979,186.46363954543006
56,4.466146645325356,-3.330012908966934e-14,-0.14482057953425206,414.3916051538315,-1.711598879328181e-14,-0.06875394370543181,187.2045940558192
57,4.481894448525727,-3.3570351122856954e-14,-0.14638485500218704,417.3449542994724,-1.7202738305951837e-14,-0.06926125520615777,187.8763351122791
58,4.50034434963342,-3.3888680837497114e-14,-0.14823204794317935,420.8185159467469,-1.7304806948164403e-14,-0.06985834055501672,188.66354109175774
59,4.547397425533242,-3.470908544654015e-14,-0.15301433417009355,429.7429411104475,-1.756713267757841e-14,-0.07139396150638253,190.67078649132438
60,4.786823457828869,-3.907884782369133e-14,-0.1789768085595991,476.61639003899273,-1.8947697135997603e-14,-0.07949622514647325,200.87488938974937
61,5.47101663853259,-8.814008111949195e-14,-0.26935501300136383,623.9986953302894,-3.607306591280518e-14,-0.10534471098849514,229.9096675773849
62,5.777230523467973,-9.96193001773576e-14,-0.3182964732090353,696.3789707639314,-3.8916129686538107e-14,-0.11820725703749178,242.82463004903425
63,5.895756661576428,-1.0429819824811503e-13,-0.3387576150643612,725.4555191414677,-4.003676021881085e-14,-0.12339710516480057,247.8092700078458
64,5.933900557363019,-6.503498156461951e-14,-0.34552777431007436,734.9384926988936,-2.6554147779016738e-14,-0.12509207818164678,249.41186885207583
65,5.952797391196524,-6.553805746750791e-14,-0.3489155848375453,739.6591146996868,-2.66903004096055e-14,-0.1259375575583241,250.208140568629
66,5.970471950254229,-1.073161122578388e-13,-0.3521046535217373,744.0880287940423,-4.074891215290328e-14,-0.12673221810379004,250.9550893275742
67,5.99111310561914,-6.656602474837452e-14,-0.3558540511237547,749.2770434545174,-2.696769873802098e-14,-0.12766406984371773,251.82827620166623
68,6.077455342719187,-6.892156044142333e-14,-0.37183268161196803,771.1780526006444,-2.759561247358805e-14,-0.13159966772662832,255.47795581462452
69,6.46407143762225,-8.01376890302747e-14,-0.4493836566175018,873.1005824491385,-3.042920836531648e-14,-0.14994606065281124,271.75930852021526
70,6.981795041504912,-9.686681812213235e-14,-0.5694242303678667,1019.3965490920623,-3.4176345857448594e-14,-0.176217242168158,293.3428049696833
71,7.138472844598672,-1.0230826371453525e-13,-0.6095929786675408,1065.8642098628952,-3.5281315156294675e-14,-0.18451736639171154,299.81435870382046
72,7.19086059574929,-1.0416616400925763e-13,-0.6234348078453312,1081.6273272845249,-3.5647189256921634e-14,-0.18732689556544507,301.9715379573285
73,7.216278639606347,-1.0507449456135901e-13,-0.6302256162985114,1089.3161396438443,-3.5824056524610615e-14,-0.18869612446013515,303.0169171165971
74,7.240343883839657,-1.059386200246863e-13,-0.6367002771930592,1096.6202143763849,-3.599110187457513e-14,-0.18999600213256573,304.00571415069464
75,7.453166493343465,-1.782717566839566e-13,-0.6958947295975371,1162.2456948559575,-5.4806527457888635e-14,-0.2016224210121249,312.6843539789974
76,7.721880474207738,-1.2405894804009392e-13,-0.7756835554709502,1247.7143167292593,-3.9239953526890694e-14,-0.21658265413858033,323.3998913320958
77,8.176322742489237,-2.2020652762555456e-13,-0.9238024175363624,1398.6793604939821,-6.111324270267125e-14,-0.24254017394171473,340.8511627674287
78,8.388642660500667,-1.5166799759293118e-13,-0.9988314323643084,1471.885150801269,-4.3563892546867384e-14,-0.25493764410310793,348.6949982638363
79,8.444216038057117,-1.5409899282091744e-13,-1.0190941789272248,1491.3194745698638,-4.3923976575151337e-14,-0.2582102688555005,350.7140540551571
80,8.499789415613568,-1.5655002804286e-13,-1.0396181231653052,1510.8656432025152,-4.42851149191728e-14,-0.26149641604946544,352.72173857729547
81,8.55276844283596,-1.5890536739994777e-13,-1.0594284068669988,1529.6031180014556,-4.463134800775682e-14,-0.2646471086556701,354.6323423121205
82,8.619543276879503,-1.6190026787934722e-13,-1.0847393280690667,1553.3639130653492,-4.507068669302691e-14,-0.26864370554685063,357.0361785528001
83,9.000190659275928,-1.7954233357386184e-13,-1.2364365098420282,1691.8643903051986,-4.7644773431598327e-14,-0.29198063945910707,370.64857309112534
84,9.456220162596503,-2.0200231453321638e-13,-1.4353127956633023,1864.5723478199682,-5.088254722785669e-14,-0.32120935812536183,386.75898671130483
85,9.534329403309485,-2.0599887316908255e-13,-1.4713094446990471,1894.8888450786321,-5.145049369975243e-14,-0.32635599986457065,389.49935276510746
86,9.569574637183788,-2.078167924207692e-13,-1.4877409071413306,1908.6386912399057,-5.1708675988030317e-14,-0.32869779011893696,390.7414996063109
87,9.60481987105809,-2.0964385916159064e-13,-1.5042905299418154,1922.4323963190695,-5.1967815952020035e-14,-0.3310506850142294,391.9859541212772
88,9.743663102145415,-2.1693028563050682e-13,-1.5706427750221392,1977.196829109653,-5.299230832569729e-14,-0.3403998843359925,396.87896650625896
89,10.182774405070345,-3.605313243064433e-13,-1.7928793312323095,2154.8528524058825,-7.912112532167337e-14,-0.37077918551416195,412.25971320668793
90,10.64139006357335,-3.9778509755565197e-13,-2.0457009471996894,2347.577908717311,-8.332177027897198e-14,-0.4037275312044577,428.18205944155267
91,11.091492188689996,-2.949868778774386e-13,-2.3151623842821314,2543.796440705929,-6.271215783496653e-14,-0.4371913509309834,443.6833427157617
92,11.526929449847627,-4.750682134119958e-13,-2.596649072281632,2740.2385084881003,-9.120793131464385e-14,-0.4706458966287281,458.5762504529048
93,11.935750720237696,-3.5043166822589294e-13,-2.880173415273139,2930.558387067869,-6.869059147704447e-14,-0.5031153704719209,472.47850992237267
94,12.419013930466546,-3.845008668745846e-13,-3.2402125489903857,3162.8434814193997,-7.23357044331443e-14,-0.5429437569677718,488.8271322923605
95,12.774812197239445,-4.1072905966064284e-13,-3.523099362483881,3338.900990137186,-7.510313823489162e-14,-0.5732879104864833,500.81523114232846
96,12.814354372376869,-4.137049129796902e-13,-3.555492283953847,3358.7306361290316,-7.541264685931615e-14,-0.5767168277667609,502.1495134459768
97,12.853896547514292,-4.1669302818560405e-13,-3.5880784302048636,3378.613193760676,-7.572293155525363e-14,-0.5801622904557431,503.48897390693577
98,13.02142202446739,-4.294884962977736e-13,-3.728290632919376,3463.4354483136717,-7.703447250824438e-14,-0.5948695561376276,509.15943862209514
99,13.352339886551198,-6.571208448984799e-13,-4.015639332009445,3633.7762267885446,-1.0847996127806946e-13,-0.6244242611920148,520.3424133596711
100,13.749760967488966,-4.876386270546538e-13,-4.379319872099051,3843.2358309070105,-8.260598897512018e-14,-0.6607628326825884,533.7487549314656
101,14.132804872257186,-5.198317092435794e-13,-4.749497222855072,4050.157069180821,-8.548837891141851e-14,-0.6966713408359174,546.6550649002029
102,14.502606489729812,-5.519685126202991e-13,-5.125639432159731,4254.613855186108,-8.833346383537268e-14,-0.7322383531555147,559.1102762201266
103,14.947875731697813,-5.920899829588707e-13,-5.603673996560002,4506.907977616081,-9.190586635896955e-14,-0.77635603856177,574.1131717781195
104,15.318621846337491,-6.267306852547132e-13,-6.023232877818149,4722.07586206122,-9.497097508037711e-14,-0.8141994216808467,586.6193699591055
105,15.689367960977169,-6.625103588762758e-13,-6.462881801747694,4941.883822087221,-9.803801064307079e-14,-0.8530064886030886,599.1487614089777
106,16.035200006647667,-6.969048664954754e-13,-6.89152797291272,5151.123669939654,-1.0086311573373183e-13,-0.8901039100585441,610.9232047369684
107,16.376836570851705,-7.318354439460566e-13,-7.332931708563193,5361.828477631678,-1.0362484087651832e-13,-0.9275106868265002,622.5863359671241
108,16.497339072998333,-7.443812620446474e-13,-7.492950047624127,5437.09997101767,-1.0460279158164278e-13,-0.9408928847703273,626.7090256338258
109,16.520197776692733,-7.467744741076198e-13,-7.52356173212478,5451.434658939985,-1.0478900930428334e-13,-0.9434429776614067,627.4916486223343
110,16.52997127250257,-7.47798914604727e-13,-7.536675194893737,5457.569076023454,-1.048686909638234e-13,-0.9445344415660974,627.8263251812681
111,16.53974476831241,-7.488242192231615e-13,-7.549802573455388,5463.706012742567,-1.0491070919218808e-13,-0.9452799791292575,627.9301477686405
112,16.55287738611965,-7.50202083851613e-13,-7.567457023981658,5471.951708468651,-1.0493385232380222e-13,-0.9459760543604347,627.8658961307659
113,16.56825929433935,-7.518164389058242e-13,-7.588157915562172,5481.609284733601,-1.0496850733919578e-13,-0.946860428719166,627.836564599179
114,16.59365506106712,-1.059658718793023e-12,-7.622388863906632,5497.553090188414,-1.3987565370826626e-13,-0.9483246857680259,627.7906743888428
115,16.62194858485804,-7.574553976388843e-13,-7.660604200661251,5515.314729316448,-1.0509027358064101e-13,-0.9499526799830491,627.7370064665108
116,16.663547665135766,-7.618290117185555e-13,-7.716941137438081,5541.426297714349,-1.051842471651696e-13,-0.9523427448594426,627.6551391425342
117,16.706497061078085,-7.66348691250916e-13,-7.775294106838381,5568.381799798842,-1.0528099109250237e-13,-0.9548052730554825,627.5664377773716
118,16.748809293358224,-7.708052363626615e-13,-7.832966953041939,5594.933396546002,-1.053745689683057e-13,-0.9572127932222825,627.466099475384
119,16.78865805305661,-7.750062560253898e-13,-7.887449998612594,5619.935189793458,-1.0546268943139764e-13,-0.959476786379516,627.3687004652005
120,16.890632855438636,-1.1012921618068157e-12,-8.027615499046947,5683.897639495736,-1.4049879998963638e-13,-0.9652522521122052,627.104425459569
121,17.077707787431756,-8.055819173254972e-13,-8.28751401978534,5801.16350137855,-1.060970174690345e-13,-0.9757730740421564,626.559661904515
122,17.264782719424876,-8.254674683654089e-13,-8.550964640687935,5918.316439964872,-1.0649521424087792e-13,-0.9861356842553116,625.899426456087
123,17.40832037923198,-1.1742929986570096e-12,-8.755495216721874,6008.11690081656,-1.4150860000888196e-13,-0.9940134288285882,625.3385425436732
124,17.53885713621066,-8.547330726471903e-13,-8.943291087735947,6089.709154822542,-1.0705779305727234e-13,-1.0010763805589005,624.760386155272
125,17.674187371546683,-8.69239391100788e-13,-9.139772106229726,6174.215248420107,-1.0732304323957216e-13,-1.008339663077409,624.1212939505847
126,17.711306512668326,-8.73224310088982e-13,-9.193980971235419,6197.3785967720105,-1.0739314400276245e-13,-1.0103097601086788,623.9319993380564
127,17.74842565378997,-1.2225214892760985e-12,-9.248325455365107,6220.5347955464495,-1.4208673389227838e-13,-1.012271843319124,623.737704317145
128,17.808715985224346,-8.83694090056414e-13,-9.3368823292768,6258.130432355322,-1.0757302714929864e-13,-1.0154478030633824,623.415354948412
129,17.94265993210778,-8.981191060736917e-13,-9.53489839224762,6341.58354967391,-1.0781220092667886e-13,-1.0224542980617497,622.6693211273829
130,17.974851297244975,-9.015904929787188e-13,-9.582749468603678,6361.625107555417,-1.0786768144316636e-13,-1.0241232223275825,622.4810782980265
131,18.00704266238217,-9.050639194175907e-13,-9.630701171693262,6381.660523925468,-1.079221729860663e-13,-1.0257838160545474,622.2878913121175
132,18.038444528966604,-9.084536978331519e-13,-9.67757350349778,6401.198479540736,-1.0797435585664387e-13,-1.0273960672645013,622.0949568743102
133,18.091765099360234,-9.142131501775544e-13,-9.757381244046371,6434.360059267192,-1.0806167538866212e-13,-1.0301247675669283,621.7622994854476
134,18.258929671156718,-9.322995992118024e-13,-10.009358719053369,6538.206702360276,-1.0832403784432099e-13,-1.0385935796385282,620.6710267825672
135,18.413992196104317,-9.49114030874707e-13,-10.245477574545362,6634.364901240675,-1.0854875615435812e-13,-1.0462957636054255,619.5726490639416
136,18.519624999241717,-9.60588111478779e-13,-10.407630779177138,6699.771086223608,-1.086944320531075e-13,-1.0514787847461522,618.7901341214538
137,18.618254277080784,-9.713150504653476e-13,-10.559977661801673,6760.763817444244,-1.0882238136848278e-13,-1.05624019235005,618.01645224485
138,18.72051807115362,-9.82450106423708e-13,-10.718895384539906,6823.922557891203,-1.0895114822438276e-13,-1.0611364342774454,617.1935597341371
139,18.757153292705244,-1.3665016504669354e-12,-10.776062452491992,6846.528037964116,-1.4324007397256024e-13,-1.0628736957640443,616.8897546255603
140,18.793726938740434,-9.904298512532672e-13,-10.833256801404183,6869.0842301934035,-1.0903893397948728e-13,-1.0645933011015931,616.5783149884685
141,18.85206003290136,-9.967924168064958e-13,-10.924733169702929,6905.036487308415,-1.0910689226443274e-13,-1.0673247811378335,616.0759846127246
142,18.96550956967368,-1.009177756662484e-12,-11.103533687998066,6974.873638265429,-1.09236229975375e-13,-1.0725974935403433,615.0792711614091
143,19.001749079954944,-1.013136996423988e-12,-11.160895811498053,6997.157888890942,-1.09276078176836e-13,-1.074263510241197,614.7512620961265
144,19.036033117866253,-1.4064748069832156e-12,-11.215272170745948,7018.228585029516,-1.4342074819906727e-13,-1.0758268602407821,614.4340357879332
145,19.084665727866483,-1.0222017888677565e-12,-11.292588246129869,7048.0990582111845,-1.0936425342381626e-13,-1.0780365246127226,613.9801715942745
146,19.212010217147128,-1.036137188583843e-12,-11.496048700539362,7126.209231311303,-1.0949654958604704e-13,-1.0837773771583792,612.7698562010866
147,19.31779001482817,-1.0477248579732928e-12,-11.666156799022097,7190.97237876911,-1.0959948539532482e-13,-1.0884543731823826,611.7169537253251
148,19.42356981250921,-1.4620922734080255e-12,-11.837256127484848,7255.622892477083,-1.4359734334201484e-13,-1.093084102720406,610.6416715201287
149,19.453885007023306,-1.062649594748676e-12,-11.88647300586659,7274.129835203373,-1.0972782012973946e-13,-1.094399299836871,610.3277989416563
150,19.4842002015374,-1.4707994220196968e-12,-11.935770431675582,7292.627143192582,-1.4361676615842446e-13,-1.0957001254944678,610.0062806990175
151,19.515602468430732,-1.069423735900355e-12,-11.986920258271118,7311.77745189874,-1.0978209185798657e-13,-1.097044662491828,609.6720072914571
152,19.5715976446686,-1.4833522364188344e-12,-12.078341754355648,7345.899316686066,-1.4364110742167464e-13,-1.099433701912074,609.0722751578295
153,19.64397245902814,-1.0835232685850828e-12,-12.196909923015204,7389.952598984444,-1.0989324632794857e-13,-1.1025104746445198,608.2929639886505
154,19.684397116807215,-1.0879663376686093e-12,-12.263333298390073,7414.533598016338,-1.0992612118332225e-13,-1.1042050993772337,607.8455171448846
155,19.72482177458629,-1.50536407748502e-12,-12.329897363732371,7439.0963878847115,-1.436754986144577e-13,-1.1058905938807486,607.3938154734885
156,19.812178990788418,-1.1020195383684592e-12,-12.474220612974415,7492.11359907487,-1.1002650118165157e-13,-1.1095114112715974,606.4085972153512
157,19.86302368466156,-1.1076149699761884e-12,-12.558521954622933,7522.9315067677735,-1.1006522163808672e-13,-1.1116048485530459,605.8292689506345
158,19.9138683785347,-1.113211759991501e-12,-12.643043204798905,7553.719590106533,-1.1010123359708916e-13,-1.1136693504961297,605.2355379169998
159,20.00119263570487,-1.1228290882911601e-12,-12.788716125141084,7606.526362524418,-1.1016125989417634e-13,-1.1171898757434764,604.2054548584729
160,20.07524526000856,-1.5557181938528553e-12,-12.912752777725364,7651.236654573352,-1.4370125146250995e-13,-1.1201501010041104,603.3216606859976
161,20.14687434920453,-1.138884500463465e-12,-13.033167004901976,7694.420915095913,-1.1025468610785138e-13,-1.1229828902520318,602.4534213198061
162,20.230576274076423,-1.1481153276454976e-12,-13.174418304060826,7744.8045631817895,-1.1030470113940366e-13,-1.1262682687574175,601.4294800904387
163,20.318765794980713,-1.1578450746712425e-12,-13.32387119294108,7797.796234935769,-1.1035421121723052e-13,-1.1296945165352372,600.3365962762358
164,20.40217216393248,-1.6026935514946087e-12,-13.465807808718399,7847.824412932902,-1.4366508275901944e-13,-1.1328992106702507,599.288676787485
165,20.5219222932701,-1.1802746425651997e-12,-13.670588477597724,7919.498222041813,-1.1045548890279987e-13,-1.1374458067939974,597.7635218312577
166,20.636944729167382,-1.192982609418274e-12,-13.868381768647666,7988.168894514097,-1.1050527110888151e-13,-1.1417500775101723,596.2749460175521
167,20.755924480823083,-1.2061334325946798e-12,-14.074102046895778,8059.020374144093,-1.1055045549010133e-13,-1.1461315545098612,594.7081133194947
168,20.915738730922218,-1.2238049358823943e-12,-14.352206564318708,8153.89302468889,-1.1060335771448931e-13,-1.1519248516230403,592.5721975901715
169,21.012764853706436,-1.2345379284002928e-12,-14.522035756592501,8211.324166584913,-1.1063107362717949e-13,-1.1553867709186594,591.2562296096439
170,21.10657885707738,-1.24491755880603e-12,-14.686945743544696,8266.731761814213,-1.1065415392676459e-13,-1.1586876549507292,589.9668064099501
171,21.25719091285578,-1.2615863593580833e-12,-14.953132360725947,8355.43059528023,-1.1068624904352941e-13,-1.1639141708744605,587.8736539704828
172,21.36997128045454,-1.7415665114996985e-12,-15.153604728532994,8421.64169233203,-1.4325146488086148e-13,-1.1677645415552678,586.2855834964519
173,21.48091245970604,-1.2863535014157867e-12,-15.351758911336216,8486.597218639397,-1.1072196171563191e-13,-1.171497141566348,584.705298096525
174,21.584610217477803,-1.297835582133576e-12,-15.537822438524865,8547.152688557602,-1.1073457147323717e-13,-1.1749445290321368,583.2160118753641
175,21.684860691023765,-1.3089375176134492e-12,-15.718472939555049,8605.547537720571,-1.1074463245165045e-13,-1.1782369742920935,581.7640596760258
176,21.854009089565444,-1.3276703974367284e-12,-16.024984254672006,8703.74256352052,-1.10756581241649e-13,-1.1836997067002253,579.2861999577707
177,22.023157488107124,-1.34640530855846e-12,-16.333618958126966,8801.515819375907,-1.1076324732054683e-13,-1.18905405306865,576.7774915564348
178,22.188482420570896,-1.3647176527290774e-12,-16.63730679270901,8896.666576676504,-1.1076487166625522e-13,-1.19418540846506,574.2976596724369
179,22.343617894609544,-1.3819010456323904e-12,-16.924083163656608,8985.578291703969,-1.107621747501114e-13,-1.1989127365313206,571.9480994326028
180,22.505043539584026,-1.3997803750510814e-12,-17.22432438452504,9077.706343333879,-1.1075500611000673e-13,-1.2037432212188768,569.4814750493933
181,22.56519015540108,-1.4064418024472902e-12,-17.336668509601513,9111.930866267601,-1.1075102174934909e-13,-1.2055185966777007,568.5562170464477
182,22.625336771218134,-1.4131029658701517e-12,-17.449268978149277,9146.099625710716,-1.1074644986077214e-13,-1.2072822431974841,567.6283709861747
183,22.707816303289476,-1.422237259985994e-12,-17.604094204781553,9192.864690099726,-1.1073943107366392e-13,-1.2096838018920275,566.3528507490956
184,22.784154291225384,-1.4306905874581722e-12,-17.747816818055075,9236.05355315056,-1.1073153915056071e-13,-1.2118832499033443,565.1663862108754
185,22.86387811111427,-1.4395181799533349e-12,-17.89834899944107,9281.061215598156,-1.1072259087977672e-13,-1.2141640667079712,563.9248877264685
186,22.94360193100316,-1.4483449953108237e-12,-18.04932335414692,9325.969632558821,-1.1071215181400402e-13,-1.2164202791222365,562.6772404086236
187,23.0171057997796,-1.4564821276689842e-12,-18.188908816787183,9367.286162152535,-1.1070177635989462e-13,-1.2184852492221003,561.5245901184378
188,23.085426038571466,-1.4640452056032981e-12,-18.3189842594517,9405.612826646546,-1.1069110083623256e-13,-1.2203865069375126,560.4489497652135
189,23.17979750616058,-1.4744900152921253e-12,-18.49918535502472,9458.432906884987,-1.1067532056547139e-13,-1.2229927423349087,558.9604279495456
190,23.26532890065274,-2.011655753605643e-12,-18.663031335093965,9506.183546077937,-1.4161304208332215e-13,-1.225329139521049,557.6060749048067
191,23.390298667555548,-2.029345282033268e-12,-18.903318534058894,9575.743451397664,-1.4147834976944486e-13,-1.2287075722424095,555.6223019427947
192,23.490278177610474,-1.508843902656418e-12,-19.09631324010046,9631.214586848895,-1.1061360567965905e-13,-1.2313768629888715,554.0295574308763
193,23.582389902113647,-1.5190317429826319e-12,-19.274712712712017,9682.179283067953,-1.1059244864874843e-13,-1.2338089523766158,552.5574335349298
194,23.64237394496577,-1.5256645305227755e-12,-19.391192130299117,9715.295062376375,-1.1057820990649105e-13,-1.2353822549997697,551.597932001196
195,23.70235798781789,-1.5322975901322245e-12,-19.50791024197015,9748.35319693138,-1.1056339041920835e-13,-1.2369428204281756,550.6357906557131
196,23.76804802636639,-1.5395599609635394e-12,-19.636004035304552,9784.489772252882,-1.10546832981962e-13,-1.238643271901969,549.5818075222832
197,23.95692992934509,-1.5604352207892422e-12,-20.005898047066918,9888.008512236735,-1.1049619321631135e-13,-1.2434650593469394,546.5416074977837
198,24.088061540604993,-1.5749226372177883e-12,-20.264065987313728,9959.538440303524,-1.1045904979107714e-13,-1.2467590558436337,544.4250691839906
199,24.219193151864896,-1.5894044704365098e-12,-20.52334562365157,10030.790495359974,-1.1042027707035985e-13,-1.2500094246105582,542.3039129477542
200,24.4409323371481,-1.6138817572386391e-12,-20.964285449889267,10150.64179351097,-1.1035191959886791e-13,-1.2554124763492176,538.7094121703998
201,24.560507654451104,-1.6270748617161113e-12,-21.203363395020364,10214.941959877498,-1.1031399078847941e-13,-1.2582821263010033,536.7690780561081
202,24.680082971754107,-1.6402633759189783e-12,-21.443342153542876,10279.00996785333,-1.1027524497736132e-13,-1.2611197620633843,534.8268996275683
203,24.731097638045636,-1.6458886033021175e-12,-21.545997547063983,10306.272755211778,-1.1025841220713696e-13,-1.2623200073789522,533.9974812476551
204,24.756945236396835,-1.6487384079032915e-12,-21.598071969743614,10320.069835994755,-1.1024985837970495e-13,-1.2629262757642965,533.5772698841322
205,24.765983460892627,-1.6497348572992292e-12,-21.616290854601544,10324.891748704258,-1.1024682909765768e-13,-1.2631375867809747,533.4301733120362
206,24.769874602065475,-1.650163840632922e-12,-21.6241360232895,10326.967270972216,-1.1024546466260509e-13,-1.2632278324017494,533.3665586239454
207,24.77376574323832,-1.6505928083685803e-12,-21.631982012457225,10329.042495139916,-1.1023849830487057e-13,-1.263252981506251,533.275413871284
208,24.777284429936834,-1.6509806915181355e-12,-21.639077573508896,10330.918771217915,-1.1023191232387699e-13,-1.2632723699619215,533.1915929541921
209,24.80102889047863,-1.6535975619038176e-12,-21.686973518353795,10343.572370317053,-1.1018755591601915e-13,-1.2634035643728234,532.6265757431727
210,25.038473495896586,-1.6797090097473228e-12,-22.167307674140012,10469.375319095672,-1.0975200642935391e-13,-1.2647491068297156,527.0344887441986
211,25.65045883193628,-1.7465464889189508e-12,-23.41678421099627,10787.610341412257,-1.0869226198114332e-13,-1.2684776778057483,513.0857167175539
212,26.178752145157773,-1.8037427841308802e-12,-24.508585229564595,11055.601038550942,-1.078504715482505e-13,-1.2719705799883456,501.5442354923891
213,26.707045458379266,-2.488768859485895e-12,-25.612512454297175,11317.611984283007,-1.3431168041824952e-13,-1.2757496598676488,490.4469148501406
214,27.42003599251501,-2.5839158130541235e-12,-27.121489072926753,11662.146470146072,-1.326142829770109e-13,-1.2813083692140084,476.12506015766314
215,28.1328922691516,-2.011947005415923e-12,-28.651958665698963,11996.652437074688,-1.0541277326958302e-13,-1.287324184520942,462.4795777343891
216,28.882152208186895,-2.0906607854600514e-12,-30.283828144598516,12337.997792939894,-1.0471169843179241e-13,-1.2940521149868593,448.78184219304353
217,29.743560434680056,-2.180551793380501e-12,-32.18902686625876,12718.05629549611,-1.0401319279267882e-13,-1.3021887204831317,433.7556967154473
218,30.599386350488107,-2.2693086333143645e-12,-34.11221561992875,13083.128905885107,-1.0342521315942816e-13,-1.3106057702081833,419.5008626925423
219,31.517033429168052,-3.1112311308587612e-12,-36.20734193440031,13461.319309555967,-1.2539344448063951e-13,-1.3199256699807063,404.8712277927028
220,32.68688765165117,-3.257048021260699e-12,-38.92682792629794,13924.459741045603,-1.2393879189087132e-13,-1.3321453576002802,387.0744723053289
221,33.758211019341516,-2.5936803515494176e-12,-41.463872151651955,14330.74019017581,-1.0216857132869781e-13,-1.3435563572278777,371.50317109212233
222,35.18423604283854,-2.739198480248205e-12,-44.90800263484289,14846.269106899557,-1.0194644206915039e-13,-1.3588824030984819,351.69396377984435
223,36.495816934331735,-3.721950745476084e-12,-48.14114557885463,15296.032789801206,-1.204288168076679e-13,-1.372965626734016,334.2635563665346
224,37.83290194645523,-3.0090870476732605e-12,-51.49929785692841,15731.469520868395,-1.0193538272520567e-13,-1.3872784187146259,317.1721920988371
225,38.303164976668405,-3.0570375242710142e-12,-52.69486931421387,15879.239858780815,-1.0199027403072216e-13,-1.3922883100322931,311.3053633350119
226,38.576973128121,-3.0849667721816592e-12,-53.394387237823736,15964.013038049849,-1.0203051131408047e-13,-1.3952084057560201,307.9238348129964
227,38.837787769318474,-3.1115820273229913e-12,-54.06302613910326,16043.906849775154,-1.0207860125399406e-13,-1.398048492368034,304.73803592291557
228,40.64107836684264,-3.2961151066114106e-12,-58.747784952680085,16574.12630752873,-1.0264731836040787e-13,-1.4190988809122542,283.5554278137031
229,41.54550549203792,-3.3891354453127593e-12,-61.13776591951896,16825.960816420502,-1.0306025942687305e-13,-1.4303471866202584,273.3901889930355
230,42.01627009246436,-3.4377068117693165e-12,-62.39233717988668,16953.436685802102,-1.0330302861694444e-13,-1.4363308848738692,268.1983168200201
231,42.254582313723766,-3.4623427128156146e-12,-63.03016466708823,17017.039481133917,-1.03431409161664e-13,-1.4393666102573428,265.58961185668
232,42.49289453498317,-3.487007207924577e-12,-63.669814286175495,17080.021779511666,-1.0356208090849196e-13,-1.4423912295140826,262.9907712125037
233,42.79896655197256,-3.5187307464196234e-12,-64.49398737288581,17160.005324227794,-1.0373311424057159e-13,-1.4462549540299268,259.6662833707096
234,44.60785576120197,-3.707334266750512e-12,-69.42413228895244,17612.115605316023,-1.0481271355072144e-13,-1.468555646686827,240.2941322331794
235,45.66899561945121,-3.818909101725349e-12,-72.36172381147736,17861.15622891132,-1.0549524491841439e-13,-1.4811492663242551,229.1194752091392
236,46.73013547770045,-4.9359071641253656e-12,-75.3312553075611,18098.398882151178,-1.1831290064887196e-13,-1.4932890482046013,218.0553358795155
237,49.134419460313254,-4.188625812159985e-12,-82.17025629123134,18592.842269565903,-1.0792411024037349e-13,-1.5190190353402104,193.3324098356444
238,51.46699573717851,-4.442429021935779e-12,-88.93954467767493,19016.1927200872,-1.0971013498878942e-13,-1.5415284940980376,169.72312408531886
239,53.79957201404376,-5.77660588544194e-12,-95.82566401610424,19384.8122864236,-1.1972060918554648e-13,-1.5614184139928828,146.39289167771236
240,56.528706095085205,-5.008191188978179e-12,-104.00994003208027,19747.377707639975,-1.13902127278052e-13,-1.5811893402920898,119.36316266625903
241,59.50917557244703,-6.465112118446831e-12,-113.07670434184087,20059.4299052695,-1.2153965041947223e-13,-1.5983246256894776,90.08604428907594
242,63.87494001829042,-5.8691352886985494e-12,-126.53313062321985,20359.629304140886,-1.206000742302322e-13,-1.6148088556918678,47.50183230437573
243,65.67925535562983,-6.088318709040589e-12,-132.1341374735362,20429.49761462991,-1.2234492358117992e-13,-1.6185720821289065,29.96717247659558
244,67.48357069296925,-6.310651994383772e-12,-137.74740209664245,20467.747187420242,-1.2412383668279193e-13,-1.620501912721333,12.452738179125243
245,68.22479606083432,-7.539523091215807e-12,-140.05517289956146,20474.304452125492,-1.2515705695584311e-13,-1.6207446875682794,5.260730372582635
246,68.60626941508657,-7.58730094483316e-12,-141.24301074868194,20475.601432341773,-1.2533429862334953e-13,-1.6207410420847332,1.5596487693069512
247,68.74214040257371,-6.467678480947979e-12,-141.6660912870818,20475.72238855394,-1.253837993798048e-13,-1.620717314938837,0.24143879105392332
248,68.80222550616678,-6.4752139937462526e-12,-141.85318569308703,20475.718761314547,-1.2544418965911673e-13,-1.6207025855193797,-0.34149992549275815
249,68.85966749732354,-6.482404408903026e-12,-142.03204893626958,20475.682544306525,-1.255012174042698e-13,-1.620686247247771,-0.8987928978795244
250,69.03882948146152,-7.641559183429578e-12,-142.58991555615597,20475.363946180485,-1.255359652083762e-13,-1.6206194968014618,-2.6369869633081437
251,69.40510315197061,-7.68757087049584e-12,-143.73032945274605,20473.743493916103,-1.2570600963998739e-13,-1.6204046450059715,-6.19042610144464
252,70.00515083683317,-6.626839576379291e-12,-145.59823499771102,20468.27614335718,-1.266490222335193e-13,-1.6198234057923209,-12.011416573475765
253,70.00639921383222,-6.626997682568727e-12,-145.60212043272273,20468.261127797192,-1.266497333431778e-13,-1.6198150648389875,-12.023476459754667
254,70.00753446085997,-6.6271236316475015e-12,-145.60565375258915,20468.247459905255,-1.2664962252123478e-13,-1.6198071159299379,-12.034440772986818
255,70.01317171026213,-6.6278554299035616e-12,-145.62319886271544,20468.179405445335,-1.2665341024767557e-13,-1.6197674827022346,-12.088884485341097
256,70.03636975026882,-6.630811536229321e-12,-145.69539668159214,20467.896122134454,-1.2666652663138224e-13,-1.6196016012030454,-12.312904258411882
257,70.10194970347665,-6.6390836349895526e-12,-145.8994730915292,20467.067184642125,-1.2669846303818994e-13,-1.6191099727850558,-12.945990123488876
258,70.2389847770069,-6.6564682088121e-12,-146.3257859444064,20465.20108445575,-1.2676179957462667e-13,-1.617981612290997,-14.267821122995251
259,70.47045151874177,-6.685819930922962e-12,-147.04544972630995,20461.638007635738,-1.268468738599194e-13,-1.6157836912759886,-16.496938353354654
260,70.80969207563646,-6.72886746927434e-12,-148.09907019357797,20455.485032929933,-1.2692717079682248e-13,-1.611934509321721,-19.754529891923262
261,71.26369728695246,-6.7864863065919905e-12,-149.50660148549932,20445.525565732318,-1.269550071204908e-13,-1.6056688662427179,-24.09323201132726
262,71.83723746098646,-6.8593049687892385e-12,-151.27968121441506,20430.1385324535,-1.2686750217572123e-13,-1.596004168200345,-29.532730450722042
263,72.533379689719,-6.947522310700393e-12,-153.42257246045432,20407.294880455433,-1.2657920228510383e-13,-1.5817549540929619,-36.05917380308026
264,73.35094306925093,-7.050822137946281e-12,-155.92364466138773,20374.71397899444,-1.2599863402465252e-13,-1.5616555061410369,-43.595540247714176
265,74.28269135926051,-7.167792202005546e-12,-158.74954879958048,20330.15789277041,-1.2502810395250362e-13,-1.5345671903869367,-51.98244819399255
266,75.31645125047089,-7.296399057345663e-12,-161.84903918482257,20271.722880391037,-1.2359095965244897e-13,-1.4996670206842415,-60.99189247189073
267,76.4379714989181,-7.433954516225659e-12,-165.16259333543167,20198.009982350646,-1.2162567425355208e-13,-1.4565425457214936,-70.36136436861185
268,77.63352717075236,-7.577962277134092e-12,-168.631336025089,20108.159723087192,-1.1910670497912835e-13,-1.4051946192224243,-79.82684798075616
269,78.89141115358537,-8.836270008467466e-12,-172.20239337674764,20001.799043713527,-1.1107969815456313e-13,-1.3459911326675384,-89.14483262539335
270,80.19593266498364,-7.875040507442449e-12,-175.81325307103438,19879.589839487388,-1.1243359439940838e-13,-1.27997346843308,-98.0618702203671
271,81.54759070947789,-8.024308337114742e-12,-179.4481890026086,19741.25397396074,-1.0834005592520652e-13,-1.2076659296083783,-106.45693700881381
272,82.942861264062,-8.17241749056451e-12,-183.08082648034247,19587.191122709126,-1.0379767383053104e-13,-1.1300351067122052,-114.19378070596157
273,84.3788302703135,-8.318009560703815e-12,-186.68789326270473,19418.069969586275,-9.88662665314942e-14,-1.0482265026986273,-121.16116980006097
274,85.85403579731383,-8.460031582312962e-12,-190.25153090640504,19234.671376934293,-9.361617895093046e-14,-0.9634536207477385,-127.27922697318472
275,87.36848103115717,-8.597717195741187e-12,-193.75908672030107,19037.808192135417,-8.812331558954222e-14,-0.876938310320461,-132.498002291215
276,88.92353224046015,-8.730443962736343e-12,-197.2024985400858,18828.269386992368,-8.24629994249743e-14,-0.7898690710253637,-136.79430635406865
277,90.5218673697343,-8.857698022308211e-12,-200.57773981904057,18606.772157649804,-7.670763131825778e-14,-0.7033684910622419,-140.1681191411935
278,92.16750823882613,-9.99922637345378e-12,-203.8843989816073,18373.916522708307,-6.301061681354363e-14,-0.6184680467948959,-142.6388305042749
279,93.86594406919109,-9.09480441403901e-12,-207.12538866771047,18130.13995030698,-6.518926750279833e-14,-0.5360902587688943,-144.24138628168245
280,95.6243584590377,-9.204534322906534e-12,-210.3067809661801,17875.669660232685,-5.95512910345933e-14,-0.45703830063744255,-145.02241618644757
281,97.45198923078965,-9.308368440039913e-12,-213.4377873146815,17610.468703465358,-5.406378679274157e-14,-0.38199271590557493,-145.03643042134425
282,99.36068196269035,-1.0368772303183782e-11,-216.5309368530285,17334.16859424878,-4.0758443944559225e-14,-0.31151435693183527,-144.3421445295759
283,101.36573067265645,-1.0445523565535112e-11,-219.60252594354944,17045.97853843328,-3.577237781706453e-14,-0.246053048890013,-142.99893011405263
284,103.48726140789257,-9.586839919417671e-12,-222.6735997947515,16744.541715162213,-3.890889739945761e-14,-0.18595911162624712,-141.06322511134871
285,105.75263082025825,-9.669836706317266e-12,-225.77188972939706,16427.686789250813,-3.438872138020335e-14,-0.13149670988780082,-138.58440702966908
286,108.20091898401773,-1.0642219490069023e-11,-228.93568242263925,16091.957114394865,-2.2635680452128812e-14,-0.08285850895433056,-135.59898748731112
287,110.89236773669141,-9.824706191363151e-12,-232.22222863692798,15731.606286689546,-2.623144275781351e-14,-0.04018173067710684,-132.1201305613483
288,113.93185286327534,-9.898725797996776e-12,-235.7290465289458,15336.064342585085,-2.2577780959866003e-14,-0.003568874725631499,-128.1129474914429
289,117.54481383527158,-1.0800272591543033e-11,-239.6634692475347,14881.663487211843,-1.2290094980471863e-14,0.026857419329965992,-123.41531649205
290,122.46866239353946,-1.0059475328612101e-11,-244.7006215220861,14289.052542475247,-1.5655439614739352e-14,0.0504102877865249,-117.33403492789749
291,130.50278485475442,-1.0170205131825134e-11,-252.34145601835934,13382.782925250309,-1.2016981970040176e-14,0.05598164474840506,-108.45771176908166
292,134.4901789717766,-1.0216455263295032e-11,-255.93910393933749,12958.166985125967,-1.1239767477221366e-14,0.05906695104925741,-104.53504745959026
293,138.1103241372693,-1.0256315023436596e-11,-259.0920542145515,12585.72576313747,-1.0730011556122898e-14,0.06027858249977325,-101.22595248077104
294,141.76849471704483,-1.0294533355927189e-11,-262.1787850506164,12221.129421402076,-1.0299235559024237e-14,0.05960216026793019,-98.10405036813536
295,145.4809009425034,-1.0332185344029336e-11,-265.2182545262929,11862.414466198336,-9.926822545681382e-15,0.057665666573199714,-95.14243282883787
296,149.20457600350758,-1.0368529455946286e-11,-268.1793127825961,11513.297613393112,-9.598616315340222e-15,0.05510331757045528,-92.3605697446595
297,152.91166485892003,-1.0403689582264398e-11,-271.0443336444699,11175.704558067811,-9.306846939411316e-15,0.05233864908435315,-89.76069457873534
298,154.39318865087174,-1.0417396826953022e-11,-272.1668073575497,11043.432890812466,-9.198047022000382e-15,0.05253737169695627,-88.76534046808997
299,154.99276032985037,-1.1032987427143384e-11,-272.61689690650996,10990.318589166445,-4.2491353342818545e-15,0.052802297528101394,-88.37063479294052
300,155.592332008829,-1.0428117157360373e-11,-273.0645114902396,10937.437492232088,-9.112155299929579e-15,0.05304362766615167,-87.98787071090179
301,156.56455042598165,-1.0437074584850348e-11,-273.78519035861046,10852.166845486974,-9.04855881160683e-15,0.05322511499544347,-87.39155719816351
302,158.05197667244238,-1.045059501039959e-11,-274.87602888301376,10722.797169190266,-8.956491061073477e-15,0.05305080208037638,-86.52851447839124
303,160.083116069792,-1.0468532695975362e-11,-276.34396481480866,10548.13737571951,-8.837725663660202e-15,0.05217621680831097,-85.42627804993624
304,162.59774641589576,-1.0490584118150996e-11,-278.12873498428405,10334.889669592618,-8.702546221483678e-15,0.050484178389453516,-84.15348376500252
305,165.48185309763056,-1.1076092980430361e-11,-280.13351172794256,10094.115542220094,-3.964048031106083e-15,0.04819026366124002,-82.7862139544541
306,168.61626131997812,-1.0541926291225651e-11,-282.26272656447094,9836.781440773806,-8.411055446000481e-15,0.04566700865296636,-81.38529334974376
307,171.91094926418023,-1.0569395993699589e-11,-284.44605368382355,9570.893967038368,-8.265689964793768e-15,0.04320900599056565,-79.98896089507022
308,175.31019539704738,-1.0597248695186582e-11,-286.64022035032315,9301.270680123067,-8.12339561022708e-15,0.04095559155771611,-78.61739917265862
309,178.78269559210995,-1.0625511052854524e-11,-288.82061153898957,9030.538536849537,-7.986625581290155e-15,0.03893460749291433,-77.28003935014141
310,182.31083815210602,-1.0653298253395477e-11,-290.9730325778555,8760.117615254521,-7.851464113562735e-15,0.03712382269153269,-75.9809093853341
311,185.88373613598893,-1.0681270232929758e-11,-293.08856153303964,8490.83546152525,-7.722192186419621e-15,0.03548869767833418,-74.72155305060102
312,189.49368987555184,-1.0708759894991054e-11,-295.1609713971144,8223.232814534183,-7.595418940757337e-15,0.03399792323173123,-73.5023559480474
313,193.13468165952332,-1.0736351252533708e-11,-297.18560329586035,7957.694399925432,-7.474491659008247e-15,0.03262711307915156,-72.32307736108797
314,196.80180909723072,-1.076337935375821e-11,-299.1588901043389,7694.501156969475,-7.355916116546758e-15,0.03135803858834685,-71.18306334436203
315,200.49106045854492,-1.0790471928379454e-11,-301.07811889488295,7433.853915130292,-7.243014913613867e-15,0.030176931889588476,-70.08135764124286
316,204.199180528025,-1.0817123876328666e-11,-302.94126759399614,7175.888767852451,-7.133087449005974e-15,0.02907306810140542,-69.01678551450888
317,207.92355035217045,-1.084331685476697e-11,-304.74686744254325,6920.690149102555,-7.025985552501634e-15,0.02803782239438557,-67.98802688018384
318,211.66207118297035,-1.0869566116723264e-11,-306.4938838754062,6668.302466675385,-6.924173514742792e-15,0.027064085663209614,-66.99367820567485
319,215.4130594740217,-1.1251706901232387e-11,-308.18161727932943,6418.739975982414,-3.1589172474303386e-15,0.026145894762452215,-66.0323012088824
320,219.1751579163416,-1.0920660429477807e-11,-309.80962361533557,6171.994745953237,-6.7279877422304375e-15,0.02527818217490352,-65.1024587183289
321,222.94726382242672,-1.0945861835406614e-11,-311.3776529231399,5928.042824895378,-6.635067371790852e-15,0.024456593834150553,-64.20273953453913
322,226.72847290867034,-1.0970778353520887e-11,-312.8856024324176,5686.848908861759,-6.545114739064361e-15,0.023677350992362678,-63.33177478711994
323,230.51803569816536,-1.099541443535536e-11,-314.33348107274026,5448.369832894037,-6.457994164296529e-15,0.022937143672342675,-62.488248050374814
324,234.31532407474208,-1.1020168193410735e-11,-315.7213827471064,5212.557151055501,-6.375365211095026e-15,0.022233047600640266,-61.67090097919629
325,238.11980561781004,-1.1043865632527501e-11,-317.04946616954464,4979.359036014821,-6.2917364571746456e-15,0.021562459324925065,-60.87853585239695
326,241.93102350758488,-1.106769164794806e-11,-318.31793948686476,4748.721694535696,-6.212358561060102e-15,0.02092304588673799,-60.1100160927584
327,245.74858151146682,-1.1091258776951071e-11,-319.5270487717752,4520.590372444561,-6.135331164420502e-15,0.020312703980240876,-59.364265275769796
328,249.57213210718223,-1.1114993303429489e-11,-320.67706914931625,4294.910099934708,-6.062366186344976e-15,0.01972952785881832,-58.640265311522306
329,253.40136733982837,-1.1138066617282281e-11,-321.7682980190574,4071.626223638235,-5.989737213523095e-15,0.01917178321332802,-57.9370540581052
330,257.23601190677897,-1.1160463390487413e-11,-322.80104988315094,3850.6847729343663,-5.9173299536302916e-15,0.018637885410838884,-57.25372259073866
331,261.07581766682296,-1.1183051216692998e-11,-323.77565229588333,3632.032720095192,-5.848710219971242e-15,0.018126381749759002,-56.5894123559446
332,264.9205591401067,-1.1205856567786461e-11,-324.6924426468943,3415.618167408608,-5.7838145588362436e-15,0.01763593691102483,-55.943312329553294
333,268.77003022285356,-1.1228450199644167e-11,-325.5517656942971,3201.390454911634,-5.720733159507532e-15,0.017165320038346144,-55.31465616532119
334,272.6240414968451,-1.1249448494530896e-11,-326.35397157640506,2989.300229032638,-5.653818964900691e-15,0.016713393934487675,-54.70271945618746
335,276.48241809612574,-1.1271612616706018e-11,-327.0994142161295,2779.2994772257684,-5.594125649883427e-15,0.016279105761942914,-54.10681711442341
336,280.34499797448774,-1.1293102770846178e-11,-327.7884500224347,2571.3415396092146,-5.534163381718987e-15,0.01586147898693535,-53.52630089219089
337,284.21163032647945,-1.1314871136631435e-11,-328.4214367987628,2365.381112438099,-5.477603290156052e-15,0.015459606586740282,-52.96055707132944
338,288.08217456411984,-1.1335960401344641e-11,-328.9987328920091,2161.3742229018826,-5.420637648577014e-15,0.01507264449113288,-52.409004252105845
339,291.95649915311634,-1.1356353148060234e-11,-329.5206964333513,1959.2782134606834,-5.363190067272855e-15,0.014699806414124605,-51.87109133476203
340,295.83448093094466,-1.1376538116762108e-11,-329.98768474808656,1759.051703016522,-5.3070837874898576e-15,0.014340358643567974,-51.34629559089979
341,299.71600413840315,-1.1397547057140189e-11,-330.4000538085971,1560.6545656143023,-5.256073449953801e-15,0.013993616117994545,-50.83412092236851
342,303.60096007251065,-1.141786454453201e-11,-330.7581578313322,1364.0478796912498,-5.204420953119728e-15,0.013658937936143367,-50.33409617176686
343,307.4892463884346,-1.1503299980093563e-11,-331.06234888734525,1169.1938983634907,-2.387659231087342e-15,0.013335724192245824,-49.845773607339225
344,308.2675504634078,-1.1504626148241009e-11,-331.11692368570834,1130.4174557769968,-2.3806257150959726e-15,0.014160004947930682,-49.74944389273273
345,309.04585453838104,-1.1446007404358045e-11,-331.16863070499267,1091.7158033223748,-5.133109555505649e-15,0.014951383136667662,-49.65357788237897
346,310.266187561586,-1.1452795693437834e-11,-331.2442353514442,1031.1836942973036,-5.119047976915502e-15,0.015787333928045433,-49.50419098384201
347,310.6272374068703,-1.1454108377577037e-11,-331.2653969139305,1013.3094354374848,-5.11240362980944e-15,0.01607483291389311,-49.46020795799271
348,310.70254375064906,-1.145449333679562e-11,-331.2697382112579,1009.5832938692702,-5.111415483658214e-15,0.016139965504937903,-49.45104644912411
349,310.77785009442783,-1.1455413203237653e-11,-331.27405413492835,1005.8578420365052,-5.112343438681959e-15,0.016204678303155973,-49.44188917794388
350,310.8236266394569,-1.145564721492256e-11,-331.2766652934559,1003.5935847122678,-5.111743480370528e-15,0.016243860495188,-49.43632480760746
351,310.869403184486,-1.1455881199151394e-11,-331.27926710774386,1001.3295820602405,-5.111143887666875e-15,0.016282689270513906,-49.43076200132431
352,310.879380947511,-1.1454861844079395e-11,-331.2798329783061,1000.836138643799,-5.107182333866878e-15,0.01629119823310421,-49.42954970223672
353,310.889358710536,-1.1454912801682305e-11,-331.28039840496535,1000.3427073227739,-5.107051648804334e-15,0.016299699152583003,-49.42833747741273
354,310.8924886912144,-1.145599918900735e-11,-331.2805756854077,1000.1879225647361,-5.110841510179116e-15,0.01630236785496475,-49.427957223080035
355,310.8956186718928,-1.1455479978575132e-11,-331.2807529221124,1000.0331389956643,-5.1088850884557134e-15,0.01630503535858807,-49.42757697605441
356,310.8961124749527,-1.1456017709505685e-11,-331.2807808800173,1000.0087195936504,-5.110794049201061e-15,0.016305456385888872,-49.427516986848204
357,310.8963565253659,-1.1455483748180006e-11,-331.2807946971289,999.996650895537,-5.108875424674479e-15,0.016305664487341387,-49.4274873386775
358,310.8964376094145,-1.1456019371200304e-11,-331.2807992876805,999.9926411561503,-5.110789790859087e-15,0.01630573362934773,-49.427477488289306
359,310.8964614167555,-1.1454949075239546e-11,-331.2808006355181,999.991463843554,-5.106958622738545e-15,0.01630575393060063,-49.42747459608695
360,310.8964852240966,-1.1456019614545998e-11,-331.2808019833869,999.9902865607664,-5.110529178608054e-15,0.01630494474487021,-49.424957301425565
361,310.8965073197263,-1.1454949309652583e-11,-331.2808032343151,999.9891939781171,-5.106443298221161e-15,0.0163041496251215,-49.42248729257496
362,310.8967282760236,-1.1456020856328677e-11,-331.280815744807,999.9782711586731,-5.107721190861015e-15,0.016296202866190157,-49.39780194431521
363,310.89893783899674,-1.1454961686981022e-11,-331.28094093638106,999.8693418171463,-5.078537391797003e-15,0.01621717632857589,-49.152413895207054
364,310.92103346872796,-1.1455606465493525e-11,-331.28220117944505,998.8087844592776,-4.8411039779951445e-15,0.01546857015890346,-46.836961352353384
365,311.0571665341138,-1.145672214751142e-11,-331.29023227116767,993.1920205329856,-3.78279027947617e-15,0.01206832715606554,-36.58459252909018
366,311.20536897858926,-1.1456692264281514e-11,-331.2993302901559,988.2968553053493,-3.096965992892327e-15,0.009792623747093554,-29.963412125333903
367,311.3986372126549,-1.145776999423475e-11,-331.3115235940223,983.0495442496575,-2.558186787057804e-15,0.007896510177744953,-24.74186313247859
368,311.6418382764445,-1.145780317745997e-11,-331.32718355112377,977.5378876963939,-2.1587181359326265e-15,0.006372426988335955,-20.88670773078094
369,311.9493780189654,-1.1458955133917626e-11,-331.34727874603084,971.5736685090349,-1.873790112157718e-15,0.00513073102216266,-18.123541364057992
370,312.3366395654559,-1.1459639267579154e-11,-331.37283724082454,964.9471623348387,-1.6805105245141537e-15,0.004118173411116199,-16.25445235572672
371,312.8222331561299,-1.1459885553290153e-11,-331.40507357238477,957.3604202122535,-1.5594716969089412e-15,0.003298565050629698,-15.089467602883248
372,313.4274180734946,-1.1461343340540875e-11,-331.4453220358643,948.438279779754,-1.4931597425620343e-15,0.002653229739174978,-14.44186022372663
373,314.17477272142037,-1.1462445252880682e-11,-331.4949043141202,937.7625849203566,-1.4612340740187355e-15,0.002172852752063803,-14.131890753388179
374,315.0837902090245,-1.1515521555843893e-11,-331.5547903836964,924.9623778747548,-6.711585312742823e-16,0.0018428074884887513,-14.006681624486648
375,316.16998792665106,-1.1465336853640593e-11,-331.6255182063934,909.751570619595,-1.4440105655980866e-15,0.00162700489121137,-13.961024201908918
376,317.45854908857467,-1.151657134678278e-11,-331.70807647089157,891.7455060999583,-6.679751034983199e-16,0.001466204492222567,-13.940513717477863
377,319.0005295397931,-1.1468878153937325e-11,-331.80485516192016,870.2249787882042,-1.440317647953941e-15,0.001295724896014705,-13.924429679146481
378,320.87067790013094,-1.147156988817567e-11,-331.9192659080341,844.1557720929296,-1.4389403517625425e-15,0.0010700197937001388,-13.906540707415544
379,323.1379862287882,-1.1474286870155553e-11,-332.05362288371856,812.5947683849063,-1.4367328082427783e-15,0.0007948538820216067,-13.885123848761411
380,325.7971563536281,-1.1479191269729357e-11,-332.205030577113,775.6407225686404,-1.4357710896943656e-15,0.0005618696914637122,-13.86012310815716
381,328.77811844806297,-1.148237343584888e-11,-332.3666241430619,734.2935965731753,-1.4320802157635917e-15,0.00039939033487484954,-13.832229012534178
382,332.003807506267,-1.1488080825484235e-11,-332.5316403504396,689.6453962181743,-1.430393822027976e-15,0.00027190764204809703,-13.802200426955245
383,335.4025655449315,-1.1492933728105947e-11,-332.69435333872775,642.7061355800566,-1.4272961485773241e-15,0.00019798445314828106,-13.770734172068957
384,338.9103106878011,-1.1497930927665731e-11,-332.8502192835385,594.3734662541101,-1.424071032527639e-15,0.00014412455535633972,-13.738444125415278
385,342.4841033173094,-1.1502456501819273e-11,-332.9963969301815,545.2468417736862,-1.4201438585859541e-15,0.00012085719322479926,-13.705737677329434
386,346.0950293311415,-1.1507018405750725e-11,-333.1311543950203,495.72809411337767,-1.4161962788831429e-15,9.564380046872545e-05,-13.672886015088709
387,349.7287109925394,-1.15132704490635e-11,-333.2536468485551,446.0166440083817,-1.4140007641695501e-15,9.206991484145277e-05,-13.640022738580125
388,353.37523044268283,-1.1518416303691246e-11,-333.3633718723724,396.24922425032946,-1.4106518048120912e-15,7.218479402493205e-05,-13.60723869085274
389,357.0320161313976,-1.1523564292541167e-11,-333.4601513732582,346.4613611256642,-1.407257155315884e-15,7.829774948164836e-05,-13.574556761815892
390,360.69456425083337,-1.1545660275307002e-11,-333.543812584411,296.7144557340322,-6.52469216059542e-16,5.420897938274161e-05,-13.542016899661837
391,364.364527593703,-1.1547480444304528e-11,-333.61434655070036,246.98599961817337,-6.502617644671333e-16,7.04184701160182e-05,-13.509603291867872
392,368.0377533114295,-1.1538984147259348e-11,-333.6716548450483,197.33208452871312,-1.3972919726998823e-15,3.513804791566155e-05,-13.47735208610213
393,371.71852700375035,-1.1544116644342104e-11,-333.7157654111129,147.694605849462,-1.3938973319388555e-15,6.762128667597844e-05,-13.445224128047311
394,375.4007555189602,-1.1548664925754052e-11,-333.7466044121363,98.15547571648246,-1.3900756030629052e-15,1.0963136615860236e-05,-13.413272278761093
395,379.09217108608874,-1.155436195738677e-11,-333.7641870251907,48.610489736046425,-1.3872838457596695e-15,7.291115720525765e-05,-13.381427493801839
396,382.7824826765764,-1.1559471317104488e-11,-333.7684853041682,-0.8025269401837996,-1.3842158165150973e-15,-2.3980939976520066e-05,-13.3497791785538
